Simulation_ID,Agent_ID,Survived,Age,Risk_Level,Strategy,Health_End,Escape_Time,Has_Relatives
1973ef48-83cf-448e-a04a-e071199f804c,1,True,72,0.5565161377718971,nearest_exit,100,28,False
1973ef48-83cf-448e-a04a-e071199f804c,2,True,42,0.19489350999621113,safest_exit,100,175,False
1973ef48-83cf-448e-a04a-e071199f804c,3,True,29,0.8848248205640001,nearest_exit,36,293,False
1973ef48-83cf-448e-a04a-e071199f804c,4,True,34,0.3379057031906031,nearest_exit,100,229,True
1973ef48-83cf-448e-a04a-e071199f804c,5,True,70,0.462149445974253,safest_exit,100,230,True
1973ef48-83cf-448e-a04a-e071199f804c,6,True,14,0.5022246986147633,least_crowded_exit,100,183,True
8d77c44d-8324-4998-b8a7-7378bfe8bbe9,1,True,15,0.6551438177628922,nearest_exit,100,133,False
8d77c44d-8324-4998-b8a7-7378bfe8bbe9,2,True,3,0.5806963135043574,safest_exit,100,150,False
8d77c44d-8324-4998-b8a7-7378bfe8bbe9,3,True,62,0.6382204173034156,nearest_exit,100,140,False
8d77c44d-8324-4998-b8a7-7378bfe8bbe9,4,True,45,0.27297758531086436,nearest_exit,98,26,False
8d77c44d-8324-4998-b8a7-7378bfe8bbe9,5,True,70,0.7023731597432122,safest_exit,100,156,True
8d77c44d-8324-4998-b8a7-7378bfe8bbe9,6,True,45,0.0827847933892305,nearest_exit,100,133,False
8d77c44d-8324-4998-b8a7-7378bfe8bbe9,7,True,37,0.6100529160649001,nearest_exit,100,147,True
8d77c44d-8324-4998-b8a7-7378bfe8bbe9,8,True,61,0.7203823817402225,safest_exit,98,148,True
8d77c44d-8324-4998-b8a7-7378bfe8bbe9,9,True,56,0.767819189396433,nearest_exit,100,145,False
8d77c44d-8324-4998-b8a7-7378bfe8bbe9,10,True,3,0.6440046099955105,nearest_exit,92,172,False
8d77c44d-8324-4998-b8a7-7378bfe8bbe9,11,True,26,0.7383346646013216,safest_exit,100,38,False
8d77c44d-8324-4998-b8a7-7378bfe8bbe9,12,True,7,0.6594066481587918,nearest_exit,100,146,False
8d77c44d-8324-4998-b8a7-7378bfe8bbe9,13,True,72,0.27176568126475675,nearest_exit,98,77,True
8d77c44d-8324-4998-b8a7-7378bfe8bbe9,14,True,32,0.8010636587815071,safest_exit,100,125,False
8d77c44d-8324-4998-b8a7-7378bfe8bbe9,15,True,21,0.7440752830955023,nearest_exit,100,159,False
3420fb22-6bb0-4556-98b5-13cc225da9d0,1,True,72,0.2212785987052831,nearest_exit,100,181,False
3420fb22-6bb0-4556-98b5-13cc225da9d0,2,True,10,0.865092122296121,safest_exit,100,157,False
3420fb22-6bb0-4556-98b5-13cc225da9d0,3,False,52,0.1870696016255715,nearest_exit,-42,-1,False
3420fb22-6bb0-4556-98b5-13cc225da9d0,4,True,35,0.7074007107154842,nearest_exit,100,11,True
3420fb22-6bb0-4556-98b5-13cc225da9d0,5,True,15,0.9594516040289556,safest_exit,100,174,False
3420fb22-6bb0-4556-98b5-13cc225da9d0,6,True,20,0.9413266222970723,nearest_exit,100,54,False
3420fb22-6bb0-4556-98b5-13cc225da9d0,7,False,61,0.44731587631770064,nearest_exit,-6,-1,True
3420fb22-6bb0-4556-98b5-13cc225da9d0,8,True,51,0.4811864380235553,safest_exit,100,12,True
3420fb22-6bb0-4556-98b5-13cc225da9d0,9,True,74,0.19844808857650498,nearest_exit,88,115,False
3420fb22-6bb0-4556-98b5-13cc225da9d0,10,True,45,0.4255155431307477,nearest_exit,64,90,False
3420fb22-6bb0-4556-98b5-13cc225da9d0,11,True,58,0.8462114827428169,safest_exit,100,12,False
3420fb22-6bb0-4556-98b5-13cc225da9d0,12,True,40,0.59708606545495,nearest_exit,100,166,False
3420fb22-6bb0-4556-98b5-13cc225da9d0,13,False,73,0.2717308619634522,nearest_exit,0,-1,False
3420fb22-6bb0-4556-98b5-13cc225da9d0,14,True,52,0.6967285517852327,safest_exit,100,184,True
3420fb22-6bb0-4556-98b5-13cc225da9d0,15,True,15,0.2592205105542449,nearest_exit,100,313,False
80243c75-c005-42bd-ab59-7e32604b62bf,1,True,77,0.59132505788442,nearest_exit,100,33,False
80243c75-c005-42bd-ab59-7e32604b62bf,2,True,16,0.930048526709838,safest_exit,100,127,False
80243c75-c005-42bd-ab59-7e32604b62bf,3,True,54,0.2806410354035257,nearest_exit,100,202,False
80243c75-c005-42bd-ab59-7e32604b62bf,4,True,50,0.868796041993374,nearest_exit,100,30,False
80243c75-c005-42bd-ab59-7e32604b62bf,5,True,80,0.8828601978821619,safest_exit,100,222,True
80243c75-c005-42bd-ab59-7e32604b62bf,6,True,40,0.31807817864857835,least_crowded_exit,100,58,True
80243c75-c005-42bd-ab59-7e32604b62bf,7,True,62,0.686134980524773,nearest_exit,100,37,False
80243c75-c005-42bd-ab59-7e32604b62bf,8,True,73,0.3604956995140357,safest_exit,100,217,False
80243c75-c005-42bd-ab59-7e32604b62bf,9,True,59,0.8574192421952115,nearest_exit,100,38,False
80243c75-c005-42bd-ab59-7e32604b62bf,10,True,76,0.4551527315322662,nearest_exit,100,42,False
80243c75-c005-42bd-ab59-7e32604b62bf,11,True,77,0.23617331388214813,safest_exit,100,130,False
80243c75-c005-42bd-ab59-7e32604b62bf,12,True,9,0.18361792990498915,least_crowded_exit,100,213,True
80243c75-c005-42bd-ab59-7e32604b62bf,13,True,28,0.20202162969218618,nearest_exit,100,31,False
80243c75-c005-42bd-ab59-7e32604b62bf,14,True,36,0.9130410576367689,safest_exit,100,232,False
80243c75-c005-42bd-ab59-7e32604b62bf,15,True,9,0.17682273927201164,nearest_exit,100,42,False
97adcda1-c85c-4abb-beec-84effba15668,1,True,50,0.36062300981255946,nearest_exit,100,53,False
97adcda1-c85c-4abb-beec-84effba15668,2,True,65,0.8646506345114499,safest_exit,100,106,False
97adcda1-c85c-4abb-beec-84effba15668,3,True,35,0.4410591783853369,nearest_exit,100,108,False
97adcda1-c85c-4abb-beec-84effba15668,4,True,36,0.2674351929676234,nearest_exit,100,96,True
97adcda1-c85c-4abb-beec-84effba15668,5,True,7,0.7696184267017223,safest_exit,100,93,False
97adcda1-c85c-4abb-beec-84effba15668,6,True,37,0.597011233316082,least_crowded_exit,100,103,True
97adcda1-c85c-4abb-beec-84effba15668,7,True,53,0.06578562719343328,nearest_exit,78,110,True
97adcda1-c85c-4abb-beec-84effba15668,8,True,57,0.33926270077983267,safest_exit,98,19,False
97adcda1-c85c-4abb-beec-84effba15668,9,True,74,0.12798629502104308,least_crowded_exit,100,104,True
97adcda1-c85c-4abb-beec-84effba15668,10,True,8,0.5462663466813881,nearest_exit,100,58,False
97adcda1-c85c-4abb-beec-84effba15668,11,True,69,0.6176276193241776,safest_exit,100,122,False
97adcda1-c85c-4abb-beec-84effba15668,12,True,73,0.5431646867333073,nearest_exit,100,111,False
97adcda1-c85c-4abb-beec-84effba15668,13,True,52,0.6224911444151431,nearest_exit,100,26,False
97adcda1-c85c-4abb-beec-84effba15668,14,True,35,0.136966892616879,safest_exit,100,104,False
97adcda1-c85c-4abb-beec-84effba15668,15,True,32,0.6966492549590597,nearest_exit,100,148,False
4a602593-ac1d-4fab-95d6-5754239b43ee,1,True,44,0.5706223758397774,nearest_exit,100,154,True
4a602593-ac1d-4fab-95d6-5754239b43ee,2,True,65,0.49315304313724506,safest_exit,100,147,False
4a602593-ac1d-4fab-95d6-5754239b43ee,3,True,47,0.290213027470296,least_crowded_exit,100,140,True
4a602593-ac1d-4fab-95d6-5754239b43ee,4,True,44,0.3438832185825498,nearest_exit,100,60,False
4a602593-ac1d-4fab-95d6-5754239b43ee,5,True,75,0.7635007280528257,safest_exit,100,141,True
4a602593-ac1d-4fab-95d6-5754239b43ee,6,True,64,0.470175497480817,nearest_exit,100,129,False
4a602593-ac1d-4fab-95d6-5754239b43ee,7,True,53,0.36071660725076093,nearest_exit,98,51,False
4a602593-ac1d-4fab-95d6-5754239b43ee,8,True,5,0.6720526804175126,safest_exit,100,122,False
4a602593-ac1d-4fab-95d6-5754239b43ee,9,True,13,0.9503506423570092,nearest_exit,100,110,False
4a602593-ac1d-4fab-95d6-5754239b43ee,10,True,52,0.17104906005841836,nearest_exit,100,31,False
4a602593-ac1d-4fab-95d6-5754239b43ee,11,True,25,0.7686005093210512,safest_exit,100,64,False
4a602593-ac1d-4fab-95d6-5754239b43ee,12,True,41,0.9493032782851828,nearest_exit,100,145,False
4a602593-ac1d-4fab-95d6-5754239b43ee,13,True,31,0.7157984686761594,nearest_exit,100,35,True
4a602593-ac1d-4fab-95d6-5754239b43ee,14,True,41,0.38547969758004075,safest_exit,100,143,False
4a602593-ac1d-4fab-95d6-5754239b43ee,15,True,49,0.41028083891680645,nearest_exit,96,186,False
2d9da8a1-8ef5-4797-93e4-95d577334e0c,1,True,30,0.6597736970121002,nearest_exit,100,173,False
2d9da8a1-8ef5-4797-93e4-95d577334e0c,2,True,44,0.2389848222561357,safest_exit,100,184,False
2d9da8a1-8ef5-4797-93e4-95d577334e0c,3,True,4,0.44211701115040425,least_crowded_exit,100,236,True
2d9da8a1-8ef5-4797-93e4-95d577334e0c,4,True,10,0.9433114979002712,nearest_exit,100,184,True
2d9da8a1-8ef5-4797-93e4-95d577334e0c,5,True,59,0.1706285075357744,safest_exit,100,237,False
2d9da8a1-8ef5-4797-93e4-95d577334e0c,6,True,11,0.3347379288526736,nearest_exit,100,187,False
2d9da8a1-8ef5-4797-93e4-95d577334e0c,7,True,61,0.920848763900698,nearest_exit,100,7,False
2d9da8a1-8ef5-4797-93e4-95d577334e0c,8,True,52,0.674902356577874,safest_exit,100,260,False
2d9da8a1-8ef5-4797-93e4-95d577334e0c,9,True,47,0.2569847113861031,nearest_exit,58,186,False
2d9da8a1-8ef5-4797-93e4-95d577334e0c,10,True,37,0.2366792939225485,nearest_exit,100,269,False
2d9da8a1-8ef5-4797-93e4-95d577334e0c,11,True,11,0.38154427918989686,safest_exit,96,31,False
2d9da8a1-8ef5-4797-93e4-95d577334e0c,12,True,20,0.7399125103409794,nearest_exit,100,331,False
2d9da8a1-8ef5-4797-93e4-95d577334e0c,13,True,42,0.575149424622431,nearest_exit,100,168,True
2d9da8a1-8ef5-4797-93e4-95d577334e0c,14,True,78,0.03797645770035296,safest_exit,100,185,True
2d9da8a1-8ef5-4797-93e4-95d577334e0c,15,True,26,0.6291874738248363,nearest_exit,100,422,False
eb42dfbe-e599-464b-a4f9-5dfaa2312778,1,True,78,0.9455371889014438,nearest_exit,100,37,True
eb42dfbe-e599-464b-a4f9-5dfaa2312778,2,True,17,0.6801433909615466,safest_exit,100,198,False
eb42dfbe-e599-464b-a4f9-5dfaa2312778,3,True,30,0.2503036152449031,nearest_exit,100,181,False
eb42dfbe-e599-464b-a4f9-5dfaa2312778,4,True,33,0.36400649608787405,nearest_exit,100,149,False
eb42dfbe-e599-464b-a4f9-5dfaa2312778,5,True,72,0.26228806977975494,safest_exit,100,152,False
eb42dfbe-e599-464b-a4f9-5dfaa2312778,6,True,55,0.22310657542321355,nearest_exit,100,182,False
eb42dfbe-e599-464b-a4f9-5dfaa2312778,7,True,43,0.9286155450741841,nearest_exit,100,146,False
eb42dfbe-e599-464b-a4f9-5dfaa2312778,8,False,64,0.4037225320222827,safest_exit,0,-1,True
eb42dfbe-e599-464b-a4f9-5dfaa2312778,9,True,78,0.3466547239174773,nearest_exit,100,177,False
eb42dfbe-e599-464b-a4f9-5dfaa2312778,10,True,27,0.6528002880376133,nearest_exit,100,446,False
eb42dfbe-e599-464b-a4f9-5dfaa2312778,11,True,23,0.3989281273150317,safest_exit,100,40,False
eb42dfbe-e599-464b-a4f9-5dfaa2312778,12,True,6,0.22655671845051395,nearest_exit,100,163,False
eb42dfbe-e599-464b-a4f9-5dfaa2312778,13,True,55,0.45827202885785123,nearest_exit,100,141,True
eb42dfbe-e599-464b-a4f9-5dfaa2312778,14,True,12,0.4301637873570928,safest_exit,100,155,True
eb42dfbe-e599-464b-a4f9-5dfaa2312778,15,True,66,0.5226875177120979,nearest_exit,100,48,False
08e8a9d3-92de-46da-9f15-9daa896d76f5,1,True,22,0.796888787763102,nearest_exit,100,272,True
08e8a9d3-92de-46da-9f15-9daa896d76f5,2,True,36,0.37530097163431364,safest_exit,100,242,False
08e8a9d3-92de-46da-9f15-9daa896d76f5,3,True,70,0.792090876814314,nearest_exit,100,308,False
08e8a9d3-92de-46da-9f15-9daa896d76f5,4,True,26,0.008289372568201614,nearest_exit,96,183,True
08e8a9d3-92de-46da-9f15-9daa896d76f5,5,True,78,0.3407475434432268,safest_exit,100,293,False
08e8a9d3-92de-46da-9f15-9daa896d76f5,6,True,68,0.8809935206936833,least_crowded_exit,96,188,True
08e8a9d3-92de-46da-9f15-9daa896d76f5,7,True,41,0.4616877067321893,nearest_exit,100,291,False
08e8a9d3-92de-46da-9f15-9daa896d76f5,8,True,9,0.9676888811387646,safest_exit,100,71,False
08e8a9d3-92de-46da-9f15-9daa896d76f5,9,True,64,0.35495629017070895,nearest_exit,100,87,True
08e8a9d3-92de-46da-9f15-9daa896d76f5,10,True,72,0.022414709530228727,nearest_exit,78,306,False
08e8a9d3-92de-46da-9f15-9daa896d76f5,11,True,26,0.03828958036100216,safest_exit,100,293,False
08e8a9d3-92de-46da-9f15-9daa896d76f5,12,True,59,0.13105088926299813,nearest_exit,100,244,False
08e8a9d3-92de-46da-9f15-9daa896d76f5,13,True,64,0.6252989153857458,nearest_exit,100,280,False
08e8a9d3-92de-46da-9f15-9daa896d76f5,14,True,78,0.696982329388357,safest_exit,100,16,False
08e8a9d3-92de-46da-9f15-9daa896d76f5,15,True,10,0.8613004747703753,nearest_exit,98,81,False
ad0d20ec-ad72-401f-96ea-f640129ba2b9,1,True,2,0.5548440125025815,nearest_exit,62,166,False
ad0d20ec-ad72-401f-96ea-f640129ba2b9,2,True,36,0.791746107558646,safest_exit,100,197,False
ad0d20ec-ad72-401f-96ea-f640129ba2b9,3,True,59,0.05754395280337843,least_crowded_exit,42,17,True
ad0d20ec-ad72-401f-96ea-f640129ba2b9,4,True,46,0.14070539444703434,nearest_exit,100,82,False
ad0d20ec-ad72-401f-96ea-f640129ba2b9,5,True,7,0.788442402659377,safest_exit,100,211,True
ad0d20ec-ad72-401f-96ea-f640129ba2b9,6,True,21,0.7844498823625928,nearest_exit,100,248,False
ad0d20ec-ad72-401f-96ea-f640129ba2b9,7,True,14,0.16505718412968118,nearest_exit,100,201,False
ad0d20ec-ad72-401f-96ea-f640129ba2b9,8,True,43,0.9795334895601129,safest_exit,100,206,False
ad0d20ec-ad72-401f-96ea-f640129ba2b9,9,True,53,0.14232014525550807,nearest_exit,100,265,False
ad0d20ec-ad72-401f-96ea-f640129ba2b9,10,True,66,0.5730192230635164,nearest_exit,100,212,False
ad0d20ec-ad72-401f-96ea-f640129ba2b9,11,True,54,0.7335116114433754,safest_exit,100,195,False
ad0d20ec-ad72-401f-96ea-f640129ba2b9,12,False,13,0.1400800920965226,least_crowded_exit,-14,-1,True
ad0d20ec-ad72-401f-96ea-f640129ba2b9,13,True,14,0.014351826221590258,nearest_exit,100,184,True
ad0d20ec-ad72-401f-96ea-f640129ba2b9,14,True,21,0.7558382603350339,safest_exit,100,208,False
ad0d20ec-ad72-401f-96ea-f640129ba2b9,15,False,4,0.9420974149038965,nearest_exit,0,-1,False
c4c1709d-3015-497e-9ac2-5164ca6a649f,1,True,71,0.9783564267273671,nearest_exit,100,193,False
c4c1709d-3015-497e-9ac2-5164ca6a649f,2,True,31,0.049461521723465296,safest_exit,100,115,False
c4c1709d-3015-497e-9ac2-5164ca6a649f,3,True,35,0.2286981510988122,nearest_exit,100,272,False
c4c1709d-3015-497e-9ac2-5164ca6a649f,4,True,13,0.5705300963180941,nearest_exit,100,233,False
c4c1709d-3015-497e-9ac2-5164ca6a649f,5,True,18,0.5776380623909041,safest_exit,100,120,False
c4c1709d-3015-497e-9ac2-5164ca6a649f,6,True,22,0.23489623425382067,least_crowded_exit,100,242,True
c4c1709d-3015-497e-9ac2-5164ca6a649f,7,True,10,0.43444004092347366,nearest_exit,100,49,True
c4c1709d-3015-497e-9ac2-5164ca6a649f,8,True,31,0.3765165381925609,safest_exit,100,110,False
c4c1709d-3015-497e-9ac2-5164ca6a649f,9,True,16,0.9443760181590594,nearest_exit,100,194,False
c4c1709d-3015-497e-9ac2-5164ca6a649f,10,True,3,0.5028854615472279,nearest_exit,96,249,False
c4c1709d-3015-497e-9ac2-5164ca6a649f,11,True,57,0.4434519905399976,safest_exit,100,125,False
c4c1709d-3015-497e-9ac2-5164ca6a649f,12,True,59,0.35404266152765607,least_crowded_exit,100,111,True
c4c1709d-3015-497e-9ac2-5164ca6a649f,13,True,28,0.3691134113656763,nearest_exit,100,124,False
c4c1709d-3015-497e-9ac2-5164ca6a649f,14,True,39,0.6446739327707744,safest_exit,100,137,False
c4c1709d-3015-497e-9ac2-5164ca6a649f,15,True,7,0.33634564594056016,nearest_exit,90,273,False
c6b87d48-cf6c-43f3-ae56-0b17171ee929,1,True,40,0.39862511518834487,nearest_exit,100,20,True
c6b87d48-cf6c-43f3-ae56-0b17171ee929,2,True,1,0.874564894308976,safest_exit,100,40,False
c6b87d48-cf6c-43f3-ae56-0b17171ee929,3,False,29,0.20456180117106804,least_crowded_exit,0,-1,True
c6b87d48-cf6c-43f3-ae56-0b17171ee929,4,True,6,0.05734800608143953,nearest_exit,100,209,False
c6b87d48-cf6c-43f3-ae56-0b17171ee929,5,True,10,0.6873945154761657,safest_exit,100,221,False
c6b87d48-cf6c-43f3-ae56-0b17171ee929,6,True,59,0.24979056688238,nearest_exit,100,390,False
c6b87d48-cf6c-43f3-ae56-0b17171ee929,7,True,42,0.48071094095100464,nearest_exit,100,192,False
c6b87d48-cf6c-43f3-ae56-0b17171ee929,8,True,58,0.31955273032419385,safest_exit,100,430,False
c6b87d48-cf6c-43f3-ae56-0b17171ee929,9,True,41,0.6759382921763231,least_crowded_exit,100,73,True
c6b87d48-cf6c-43f3-ae56-0b17171ee929,10,True,52,0.5011948391346456,nearest_exit,100,169,False
c6b87d48-cf6c-43f3-ae56-0b17171ee929,11,True,26,0.10707012166758556,safest_exit,100,218,False
c6b87d48-cf6c-43f3-ae56-0b17171ee929,12,True,42,0.8795257815173085,nearest_exit,100,209,False
c6b87d48-cf6c-43f3-ae56-0b17171ee929,13,True,70,0.5827802190701258,nearest_exit,100,203,True
c6b87d48-cf6c-43f3-ae56-0b17171ee929,14,True,5,0.1295479706579854,safest_exit,100,40,False
c6b87d48-cf6c-43f3-ae56-0b17171ee929,15,True,44,0.7541720083616137,nearest_exit,100,48,False
be54efd7-570d-4d93-ba24-4c398bd68728,1,True,64,0.1205685644806469,nearest_exit,100,174,False
be54efd7-570d-4d93-ba24-4c398bd68728,2,True,29,0.5815562051890355,safest_exit,100,32,True
be54efd7-570d-4d93-ba24-4c398bd68728,3,True,70,0.2506706958584123,nearest_exit,100,178,False
be54efd7-570d-4d93-ba24-4c398bd68728,4,True,77,0.056588282492584074,nearest_exit,100,178,False
be54efd7-570d-4d93-ba24-4c398bd68728,5,True,39,0.7903567170059139,safest_exit,100,165,False
be54efd7-570d-4d93-ba24-4c398bd68728,6,True,49,0.5321931042778845,nearest_exit,100,170,False
be54efd7-570d-4d93-ba24-4c398bd68728,7,True,51,0.9669645823899978,nearest_exit,100,56,True
be54efd7-570d-4d93-ba24-4c398bd68728,8,False,70,0.8789147140966117,safest_exit,-22,-1,False
be54efd7-570d-4d93-ba24-4c398bd68728,9,True,51,0.3630027195624346,nearest_exit,100,58,True
be54efd7-570d-4d93-ba24-4c398bd68728,10,True,51,0.8693338551522027,nearest_exit,100,99,False
be54efd7-570d-4d93-ba24-4c398bd68728,11,True,17,0.28634014790787476,safest_exit,100,37,False
be54efd7-570d-4d93-ba24-4c398bd68728,12,True,60,0.40296803181968577,nearest_exit,100,54,False
be54efd7-570d-4d93-ba24-4c398bd68728,13,True,75,0.18089451139760704,nearest_exit,100,100,False
be54efd7-570d-4d93-ba24-4c398bd68728,14,True,35,0.9990512841794498,safest_exit,100,141,False
be54efd7-570d-4d93-ba24-4c398bd68728,15,True,44,0.23730241000892072,least_crowded_exit,100,34,True
9bba64ea-42f5-46f9-ab73-3b2073f12771,1,True,69,0.19720756815156193,nearest_exit,90,81,False
9bba64ea-42f5-46f9-ab73-3b2073f12771,2,True,5,0.821284129334574,safest_exit,100,8,False
9bba64ea-42f5-46f9-ab73-3b2073f12771,3,True,16,0.618502007921096,nearest_exit,100,326,False
9bba64ea-42f5-46f9-ab73-3b2073f12771,4,True,34,0.537924671357747,nearest_exit,100,340,True
9bba64ea-42f5-46f9-ab73-3b2073f12771,5,True,49,0.8535097147849317,safest_exit,100,105,False
9bba64ea-42f5-46f9-ab73-3b2073f12771,6,True,20,0.47700006201746914,nearest_exit,100,350,False
9bba64ea-42f5-46f9-ab73-3b2073f12771,7,True,62,0.9054077079353757,nearest_exit,100,349,False
9bba64ea-42f5-46f9-ab73-3b2073f12771,8,True,38,0.7807654438098471,safest_exit,100,232,False
9bba64ea-42f5-46f9-ab73-3b2073f12771,9,True,50,0.5126871043039851,nearest_exit,100,18,False
9bba64ea-42f5-46f9-ab73-3b2073f12771,10,True,35,0.0737914327883682,nearest_exit,100,337,True
9bba64ea-42f5-46f9-ab73-3b2073f12771,11,True,73,0.7820250249431463,safest_exit,100,22,False
9bba64ea-42f5-46f9-ab73-3b2073f12771,12,True,28,0.7447610654962585,nearest_exit,100,345,False
9bba64ea-42f5-46f9-ab73-3b2073f12771,13,True,55,0.48148000568670934,nearest_exit,88,79,True
9bba64ea-42f5-46f9-ab73-3b2073f12771,14,True,8,0.913925044117174,safest_exit,100,250,False
9bba64ea-42f5-46f9-ab73-3b2073f12771,15,True,33,0.6191992385201397,least_crowded_exit,100,322,True
b07200a0-98f3-4d27-bb93-a8b3fa5c27a2,1,True,74,0.455695895016451,nearest_exit,100,97,True
b07200a0-98f3-4d27-bb93-a8b3fa5c27a2,2,True,29,0.112551870925354,nearest_exit,100,-1,True
b07200a0-98f3-4d27-bb93-a8b3fa5c27a2,3,True,40,0.5198982709694892,nearest_exit,100,-1,False
b07200a0-98f3-4d27-bb93-a8b3fa5c27a2,4,True,6,0.6198034688335815,nearest_exit,100,42,False
b07200a0-98f3-4d27-bb93-a8b3fa5c27a2,5,True,28,0.17378886549141254,nearest_exit,100,21,False
b07200a0-98f3-4d27-bb93-a8b3fa5c27a2,6,True,41,0.36696824930263583,nearest_exit,100,59,False
b07200a0-98f3-4d27-bb93-a8b3fa5c27a2,7,True,2,0.11416679497251554,nearest_exit,100,21,False
b07200a0-98f3-4d27-bb93-a8b3fa5c27a2,8,True,20,0.17180386009748974,nearest_exit,100,119,False
b07200a0-98f3-4d27-bb93-a8b3fa5c27a2,9,True,33,0.5429189642640642,nearest_exit,100,-1,False
b07200a0-98f3-4d27-bb93-a8b3fa5c27a2,10,True,31,0.5745225656144527,nearest_exit,100,-1,True
b07200a0-98f3-4d27-bb93-a8b3fa5c27a2,11,True,53,0.7775949832209662,nearest_exit,100,-1,False
b07200a0-98f3-4d27-bb93-a8b3fa5c27a2,12,True,33,0.48801394128681275,nearest_exit,100,-1,False
b07200a0-98f3-4d27-bb93-a8b3fa5c27a2,13,True,73,0.11694711610903274,nearest_exit,100,2,False
b07200a0-98f3-4d27-bb93-a8b3fa5c27a2,14,True,12,0.6574087550833742,nearest_exit,100,-1,False
b07200a0-98f3-4d27-bb93-a8b3fa5c27a2,15,True,27,0.7382683850164198,nearest_exit,100,-1,True
b07200a0-98f3-4d27-bb93-a8b3fa5c27a2,16,True,16,0.5523910489267537,nearest_exit,100,-1,False
b07200a0-98f3-4d27-bb93-a8b3fa5c27a2,17,True,75,0.5928956981623204,nearest_exit,100,118,False
b07200a0-98f3-4d27-bb93-a8b3fa5c27a2,18,True,30,0.17903473249189963,nearest_exit,100,-1,True
b07200a0-98f3-4d27-bb93-a8b3fa5c27a2,19,True,76,0.3809081495331508,nearest_exit,100,98,True
b07200a0-98f3-4d27-bb93-a8b3fa5c27a2,20,True,42,0.503654339970835,nearest_exit,100,-1,False
b07200a0-98f3-4d27-bb93-a8b3fa5c27a2,21,True,30,0.33094728647366917,safest_exit,100,-1,False
b07200a0-98f3-4d27-bb93-a8b3fa5c27a2,22,True,36,0.3987689619990149,safest_exit,100,123,False
b07200a0-98f3-4d27-bb93-a8b3fa5c27a2,23,True,14,0.7690025214500932,safest_exit,100,-1,True
b07200a0-98f3-4d27-bb93-a8b3fa5c27a2,24,True,38,0.8874740847331599,safest_exit,100,-1,False
b07200a0-98f3-4d27-bb93-a8b3fa5c27a2,25,True,80,0.7126937667224197,safest_exit,100,-1,False
b07200a0-98f3-4d27-bb93-a8b3fa5c27a2,26,True,12,0.5034408484135953,safest_exit,100,-1,False
b07200a0-98f3-4d27-bb93-a8b3fa5c27a2,27,True,45,0.6633538052193794,safest_exit,100,-1,False
b07200a0-98f3-4d27-bb93-a8b3fa5c27a2,28,True,61,0.5939659564589822,safest_exit,100,-1,False
b07200a0-98f3-4d27-bb93-a8b3fa5c27a2,29,True,40,0.8820589539451359,safest_exit,100,-1,True
b07200a0-98f3-4d27-bb93-a8b3fa5c27a2,30,True,40,0.7054692001825295,safest_exit,100,4,True
b07200a0-98f3-4d27-bb93-a8b3fa5c27a2,31,True,31,0.16297749393858318,safest_exit,100,126,False
b07200a0-98f3-4d27-bb93-a8b3fa5c27a2,32,True,49,0.36517298365058914,safest_exit,100,121,False
b07200a0-98f3-4d27-bb93-a8b3fa5c27a2,33,True,3,0.792543011124052,safest_exit,100,124,False
b07200a0-98f3-4d27-bb93-a8b3fa5c27a2,34,True,73,0.190011383572395,safest_exit,100,-1,False
b07200a0-98f3-4d27-bb93-a8b3fa5c27a2,35,True,11,0.8104108384029084,safest_exit,100,-1,False
b07200a0-98f3-4d27-bb93-a8b3fa5c27a2,36,True,33,0.4946777426224046,safest_exit,100,-1,False
b07200a0-98f3-4d27-bb93-a8b3fa5c27a2,37,True,16,0.34764812126118727,safest_exit,100,-1,False
b07200a0-98f3-4d27-bb93-a8b3fa5c27a2,38,True,42,0.7543232465282544,safest_exit,100,-1,True
b07200a0-98f3-4d27-bb93-a8b3fa5c27a2,39,True,25,0.17572165338968065,safest_exit,100,-1,False
b07200a0-98f3-4d27-bb93-a8b3fa5c27a2,40,True,47,0.6596991552824154,safest_exit,100,-1,True
b07200a0-98f3-4d27-bb93-a8b3fa5c27a2,41,True,9,0.2334976255780184,least_crowded_exit,100,-1,False
b07200a0-98f3-4d27-bb93-a8b3fa5c27a2,42,True,44,0.40458152276860604,least_crowded_exit,100,-1,False
b07200a0-98f3-4d27-bb93-a8b3fa5c27a2,43,True,28,0.3005170013571579,nearest_exit,100,116,False
b07200a0-98f3-4d27-bb93-a8b3fa5c27a2,44,True,49,0.8141517628358544,least_crowded_exit,100,-1,False
b07200a0-98f3-4d27-bb93-a8b3fa5c27a2,45,True,51,0.6220364194293514,least_crowded_exit,100,-1,True
b07200a0-98f3-4d27-bb93-a8b3fa5c27a2,46,True,1,0.6344446532244699,least_crowded_exit,100,-1,False
b07200a0-98f3-4d27-bb93-a8b3fa5c27a2,47,True,79,0.7174921632635936,nearest_exit,100,-1,False
b07200a0-98f3-4d27-bb93-a8b3fa5c27a2,48,True,38,0.8339937477586891,least_crowded_exit,100,-1,False
b07200a0-98f3-4d27-bb93-a8b3fa5c27a2,49,True,70,0.7246193917104993,least_crowded_exit,100,-1,False
b07200a0-98f3-4d27-bb93-a8b3fa5c27a2,50,True,14,0.31693591213676797,least_crowded_exit,100,-1,False
af577996-2b19-4eab-a0ac-7b57ed24e5a7,1,True,37,0.7193810701680902,nearest_exit,100,55,False
af577996-2b19-4eab-a0ac-7b57ed24e5a7,2,True,65,0.66765279614342,nearest_exit,100,218,False
af577996-2b19-4eab-a0ac-7b57ed24e5a7,3,True,18,0.42371473101551704,nearest_exit,100,22,False
af577996-2b19-4eab-a0ac-7b57ed24e5a7,4,True,10,0.12246895647892622,nearest_exit,100,-1,False
af577996-2b19-4eab-a0ac-7b57ed24e5a7,5,True,2,0.7461413905830643,nearest_exit,100,-1,True
af577996-2b19-4eab-a0ac-7b57ed24e5a7,6,True,12,0.640430116643777,nearest_exit,100,-1,False
af577996-2b19-4eab-a0ac-7b57ed24e5a7,7,True,24,0.2904746885353815,nearest_exit,100,26,False
af577996-2b19-4eab-a0ac-7b57ed24e5a7,8,True,13,0.16275175904649508,nearest_exit,100,-1,True
af577996-2b19-4eab-a0ac-7b57ed24e5a7,9,True,73,0.37103186384028264,nearest_exit,100,36,False
af577996-2b19-4eab-a0ac-7b57ed24e5a7,10,True,67,0.2514116551704775,nearest_exit,100,23,False
af577996-2b19-4eab-a0ac-7b57ed24e5a7,11,True,49,0.8315872487911963,nearest_exit,100,2,False
af577996-2b19-4eab-a0ac-7b57ed24e5a7,12,True,17,0.14755048763057746,nearest_exit,100,2,True
af577996-2b19-4eab-a0ac-7b57ed24e5a7,13,True,8,0.19211563605238746,nearest_exit,100,-1,False
af577996-2b19-4eab-a0ac-7b57ed24e5a7,14,True,6,0.569055108820076,nearest_exit,100,-1,False
af577996-2b19-4eab-a0ac-7b57ed24e5a7,15,True,35,0.710438460215907,nearest_exit,100,-1,False
af577996-2b19-4eab-a0ac-7b57ed24e5a7,16,True,50,0.10456230851276445,nearest_exit,100,-1,False
af577996-2b19-4eab-a0ac-7b57ed24e5a7,17,True,7,0.5555166123310378,nearest_exit,100,-1,True
af577996-2b19-4eab-a0ac-7b57ed24e5a7,18,True,49,0.5714380701115157,nearest_exit,100,3,True
af577996-2b19-4eab-a0ac-7b57ed24e5a7,19,True,51,0.4094298910365417,nearest_exit,100,-1,False
af577996-2b19-4eab-a0ac-7b57ed24e5a7,20,True,38,0.3549364803683196,nearest_exit,100,74,False
af577996-2b19-4eab-a0ac-7b57ed24e5a7,21,True,27,0.5758686840502819,safest_exit,100,-1,False
af577996-2b19-4eab-a0ac-7b57ed24e5a7,22,True,39,0.35351144704965354,safest_exit,100,-1,True
af577996-2b19-4eab-a0ac-7b57ed24e5a7,23,True,46,0.11965763935045609,safest_exit,100,225,False
af577996-2b19-4eab-a0ac-7b57ed24e5a7,24,True,16,0.8282868804431769,safest_exit,100,-1,False
af577996-2b19-4eab-a0ac-7b57ed24e5a7,25,True,30,0.6028114150202726,safest_exit,100,-1,False
af577996-2b19-4eab-a0ac-7b57ed24e5a7,26,True,13,0.8733647684122542,safest_exit,100,-1,False
af577996-2b19-4eab-a0ac-7b57ed24e5a7,27,True,50,0.5679603163091216,safest_exit,100,230,False
af577996-2b19-4eab-a0ac-7b57ed24e5a7,28,True,28,0.2746923439838141,safest_exit,100,-1,False
af577996-2b19-4eab-a0ac-7b57ed24e5a7,29,True,62,0.8389927443734324,safest_exit,100,55,False
af577996-2b19-4eab-a0ac-7b57ed24e5a7,30,True,17,0.5389751761132313,safest_exit,100,-1,True
af577996-2b19-4eab-a0ac-7b57ed24e5a7,31,True,22,0.816612900881038,safest_exit,100,-1,False
af577996-2b19-4eab-a0ac-7b57ed24e5a7,32,True,78,0.34177881177717684,safest_exit,98,91,False
af577996-2b19-4eab-a0ac-7b57ed24e5a7,33,True,2,0.27929763852803,safest_exit,100,-1,False
af577996-2b19-4eab-a0ac-7b57ed24e5a7,34,True,47,0.2541400378068974,safest_exit,100,-1,True
af577996-2b19-4eab-a0ac-7b57ed24e5a7,35,True,60,0.7544760048310603,safest_exit,82,-1,False
af577996-2b19-4eab-a0ac-7b57ed24e5a7,36,True,64,0.35158589744872193,safest_exit,100,-1,False
af577996-2b19-4eab-a0ac-7b57ed24e5a7,37,True,23,0.20621533255652116,safest_exit,100,90,True
af577996-2b19-4eab-a0ac-7b57ed24e5a7,38,True,77,0.5474647433258413,safest_exit,100,-1,False
af577996-2b19-4eab-a0ac-7b57ed24e5a7,39,True,27,0.22016138148223413,safest_exit,100,-1,True
af577996-2b19-4eab-a0ac-7b57ed24e5a7,40,True,6,0.18848958124007123,safest_exit,100,-1,False
af577996-2b19-4eab-a0ac-7b57ed24e5a7,41,True,44,0.24380306789261497,least_crowded_exit,100,-1,True
af577996-2b19-4eab-a0ac-7b57ed24e5a7,42,True,27,0.7328428044872344,least_crowded_exit,100,-1,True
af577996-2b19-4eab-a0ac-7b57ed24e5a7,43,True,26,0.87247993965546,least_crowded_exit,100,-1,True
af577996-2b19-4eab-a0ac-7b57ed24e5a7,44,True,32,0.292258814907704,nearest_exit,90,-1,False
af577996-2b19-4eab-a0ac-7b57ed24e5a7,45,True,57,0.7849877166204368,nearest_exit,100,-1,False
af577996-2b19-4eab-a0ac-7b57ed24e5a7,46,True,54,0.32958863725136034,nearest_exit,100,-1,False
af577996-2b19-4eab-a0ac-7b57ed24e5a7,47,True,72,0.5988595129444928,nearest_exit,100,-1,False
af577996-2b19-4eab-a0ac-7b57ed24e5a7,48,True,24,0.3199840734799143,least_crowded_exit,100,-1,True
af577996-2b19-4eab-a0ac-7b57ed24e5a7,49,True,17,0.7303890020811192,nearest_exit,100,-1,False
af577996-2b19-4eab-a0ac-7b57ed24e5a7,50,True,12,0.3378397213990064,least_crowded_exit,100,-1,False
29bf1a5e-7e23-4b6a-8e78-79584c8a55d2,1,True,17,0.39944140500898095,nearest_exit,100,1,False
29bf1a5e-7e23-4b6a-8e78-79584c8a55d2,2,True,68,0.5738392134759734,nearest_exit,100,18,True
29bf1a5e-7e23-4b6a-8e78-79584c8a55d2,3,True,5,0.8057926056484482,nearest_exit,100,338,False
29bf1a5e-7e23-4b6a-8e78-79584c8a55d2,4,True,3,0.36523546832738985,nearest_exit,100,54,True
29bf1a5e-7e23-4b6a-8e78-79584c8a55d2,5,True,12,0.8564562042107349,nearest_exit,100,54,False
29bf1a5e-7e23-4b6a-8e78-79584c8a55d2,6,True,25,0.23527775507522863,nearest_exit,100,54,True
29bf1a5e-7e23-4b6a-8e78-79584c8a55d2,7,True,14,0.4787157167349658,nearest_exit,100,1,False
29bf1a5e-7e23-4b6a-8e78-79584c8a55d2,8,True,25,0.41156340264610547,nearest_exit,100,17,False
29bf1a5e-7e23-4b6a-8e78-79584c8a55d2,9,True,64,0.13442178213865086,nearest_exit,100,54,True
29bf1a5e-7e23-4b6a-8e78-79584c8a55d2,10,True,22,0.42657739527161176,nearest_exit,100,54,False
29bf1a5e-7e23-4b6a-8e78-79584c8a55d2,11,True,46,0.7377212785958037,nearest_exit,100,41,True
29bf1a5e-7e23-4b6a-8e78-79584c8a55d2,12,True,74,0.7796290819178958,nearest_exit,100,54,False
29bf1a5e-7e23-4b6a-8e78-79584c8a55d2,13,True,48,0.7412016555951347,nearest_exit,100,54,False
29bf1a5e-7e23-4b6a-8e78-79584c8a55d2,14,True,4,0.69933738276156,nearest_exit,100,339,False
29bf1a5e-7e23-4b6a-8e78-79584c8a55d2,15,True,23,0.43807192283365437,nearest_exit,100,54,False
29bf1a5e-7e23-4b6a-8e78-79584c8a55d2,16,True,32,0.5574612944417561,nearest_exit,100,22,False
29bf1a5e-7e23-4b6a-8e78-79584c8a55d2,17,True,35,0.7358064758969195,nearest_exit,100,54,False
29bf1a5e-7e23-4b6a-8e78-79584c8a55d2,18,True,32,0.44781018561899544,nearest_exit,100,194,False
29bf1a5e-7e23-4b6a-8e78-79584c8a55d2,19,True,15,0.7763311155939989,nearest_exit,100,1,True
29bf1a5e-7e23-4b6a-8e78-79584c8a55d2,20,True,2,0.10272962931262981,nearest_exit,100,55,True
29bf1a5e-7e23-4b6a-8e78-79584c8a55d2,21,True,75,0.870611428019194,safest_exit,100,72,False
29bf1a5e-7e23-4b6a-8e78-79584c8a55d2,22,True,76,0.7622554553527584,safest_exit,100,58,False
29bf1a5e-7e23-4b6a-8e78-79584c8a55d2,23,True,71,0.5479423234780234,safest_exit,100,55,False
29bf1a5e-7e23-4b6a-8e78-79584c8a55d2,24,True,30,0.8372575815705099,safest_exit,100,86,False
29bf1a5e-7e23-4b6a-8e78-79584c8a55d2,25,True,18,0.47313202636908236,safest_exit,100,58,False
29bf1a5e-7e23-4b6a-8e78-79584c8a55d2,26,True,20,0.30735767867455355,safest_exit,100,84,False
29bf1a5e-7e23-4b6a-8e78-79584c8a55d2,27,True,42,0.8491755123714774,safest_exit,100,55,True
29bf1a5e-7e23-4b6a-8e78-79584c8a55d2,28,True,68,0.3147853327807737,safest_exit,100,77,False
29bf1a5e-7e23-4b6a-8e78-79584c8a55d2,29,True,77,0.7407547842881347,safest_exit,100,71,False
29bf1a5e-7e23-4b6a-8e78-79584c8a55d2,30,True,54,0.2543037603844585,safest_exit,12,329,False
29bf1a5e-7e23-4b6a-8e78-79584c8a55d2,31,True,53,0.7801638848697741,safest_exit,100,62,False
29bf1a5e-7e23-4b6a-8e78-79584c8a55d2,32,True,66,0.4613630191678112,safest_exit,100,56,True
29bf1a5e-7e23-4b6a-8e78-79584c8a55d2,33,True,70,0.34811772052716106,safest_exit,100,55,True
29bf1a5e-7e23-4b6a-8e78-79584c8a55d2,34,True,25,0.3561450047676372,safest_exit,100,73,False
29bf1a5e-7e23-4b6a-8e78-79584c8a55d2,35,True,54,0.19597522136396545,safest_exit,100,69,False
29bf1a5e-7e23-4b6a-8e78-79584c8a55d2,36,True,40,0.8279416181331769,safest_exit,100,91,False
29bf1a5e-7e23-4b6a-8e78-79584c8a55d2,37,True,63,0.7207988503194933,safest_exit,28,292,False
29bf1a5e-7e23-4b6a-8e78-79584c8a55d2,38,True,54,0.2898666753774795,safest_exit,100,76,False
29bf1a5e-7e23-4b6a-8e78-79584c8a55d2,39,True,69,0.1696048898250802,safest_exit,100,64,False
29bf1a5e-7e23-4b6a-8e78-79584c8a55d2,40,True,44,0.3765580648322152,safest_exit,100,74,False
29bf1a5e-7e23-4b6a-8e78-79584c8a55d2,41,True,27,0.45958208220053265,nearest_exit,100,78,False
29bf1a5e-7e23-4b6a-8e78-79584c8a55d2,42,True,5,0.7020156792884824,least_crowded_exit,100,54,True
29bf1a5e-7e23-4b6a-8e78-79584c8a55d2,43,True,16,0.677999186425067,least_crowded_exit,100,56,True
29bf1a5e-7e23-4b6a-8e78-79584c8a55d2,44,False,15,0.8874917534258265,nearest_exit,0,-1,False
29bf1a5e-7e23-4b6a-8e78-79584c8a55d2,45,True,43,0.8538762950290114,nearest_exit,100,7,False
29bf1a5e-7e23-4b6a-8e78-79584c8a55d2,46,True,16,0.7576437184748146,least_crowded_exit,100,17,True
29bf1a5e-7e23-4b6a-8e78-79584c8a55d2,47,True,49,0.633291667077443,nearest_exit,100,78,False
29bf1a5e-7e23-4b6a-8e78-79584c8a55d2,48,True,38,0.45741557533458566,nearest_exit,100,59,False
29bf1a5e-7e23-4b6a-8e78-79584c8a55d2,49,True,27,0.8598722157278332,least_crowded_exit,100,54,True
29bf1a5e-7e23-4b6a-8e78-79584c8a55d2,50,True,38,0.7547299833669008,nearest_exit,100,109,False
